-- phpMyAdmin SQL Dump
-- version 5.2.1
-- https://www.phpmyadmin.net/
--
-- Host: localhost:3306
-- Generation Time: Sep 08, 2023 at 07:59 AM
-- Server version: 10.5.20-MariaDB-cll-lve-log
-- PHP Version: 7.4.27

SET SQL_MODE = "NO_AUTO_VALUE_ON_ZERO";
START TRANSACTION;
SET time_zone = "+00:00";


/*!40101 SET @OLD_CHARACTER_SET_CLIENT=@@CHARACTER_SET_CLIENT */;
/*!40101 SET @OLD_CHARACTER_SET_RESULTS=@@CHARACTER_SET_RESULTS */;
/*!40101 SET @OLD_COLLATION_CONNECTION=@@COLLATION_CONNECTION */;
/*!40101 SET NAMES utf8mb4 */;

--
-- Database: `entifkut_entiqa2`
--

-- --------------------------------------------------------

--
-- Table structure for table `admin`
--

CREATE TABLE `admin` (
  `admin_id` int(11) NOT NULL,
  `admin_name` varchar(255) NOT NULL,
  `admin_password` varchar(255) NOT NULL,
  `admin_email` varchar(255) NOT NULL,
  `admin_prev` int(11) NOT NULL COMMENT '1 : ุงูุงุฏูู \r\n2: ูุฑูู ุงูุฎุฏูุฉ \r\n3 : ุงููุฏุฑุจ\r\n',
  `cat_name` varchar(255) NOT NULL
) ENGINE=InnoDB DEFAULT CHARSET=utf8mb4 COLLATE=utf8mb4_general_ci;

--
-- Dumping data for table `admin`
--

INSERT INTO `admin` (`admin_id`, `admin_name`, `admin_password`, `admin_email`, `admin_prev`, `cat_name`) VALUES
(1, 'admin', 'SHA256,MD5,Salt,BCRYPT/BLOWFISH,ARGON2ID tZbE$em&G%2^b7_f3T+mQ]y}*9}NXZjSPKKTsBKFUrKYE9h9QvKkVtKN-jM5[c>%du6j(y!&sg2eDQH.pJ.XpQfHrngsXgโ4C7CโซS@wg%=}$ryh7{โก%>*g84E)xGuH.a,2f56d4160755fcf38f5b424bd2cd8cc599e96578d98ec0799fffd8cba7554502,aacd19d9d4dee67fe745', 'sup.web07@gmail.com', 1, ''),
(2, 'admin2', 'aW1>B1M.4d&P$rbyv71C:@a6Z7~`\\8WtR)M@:~o2pa9q*{y>lj', 'Saherkhayat@hotmail.com', 2, ''),
(3, 'admin3', 'admin3', 'mohamedramadan2930@outlook.com', 3, '');

-- --------------------------------------------------------

--
-- Table structure for table `batches`
--

CREATE TABLE `batches` (
  `batch_id` int(11) NOT NULL,
  `batch_name` varchar(255) NOT NULL,
  `batch_coach` varchar(255) NOT NULL,
  `batch_start` varchar(255) NOT NULL,
  `batch_min` varchar(255) NOT NULL,
  `batch_max` varchar(255) NOT NULL,
  `batch_created_at` varchar(255) NOT NULL,
  `ind_num` int(11) NOT NULL
) ENGINE=InnoDB DEFAULT CHARSET=utf8mb4 COLLATE=utf8mb4_general_ci;

--
-- Dumping data for table `batches`
--

INSERT INTO `batches` (`batch_id`, `batch_name`, `batch_coach`, `batch_start`, `batch_min`, `batch_max`, `batch_created_at`, `ind_num`) VALUES
(5, 'ุงูุฏูุนุฉ ุงููุฌุงููู ', '8', '2023-06-22', '5', '10', '', 3),
(6, 'ุฏูุนุฉ ุงูุชุฌุฑูุจูู ', '8', '2023-06-22', '1', '2', '', 2),
(7, 'ุงูุฏูุนู ุงูุงุฎูุฑุฉ', '8', '2023-08-13', '5', '5', '', 1),
(8, 'ุงูุฏูุนุฉ ุงูุงููู', '8', '2023-08-01', '15', '2', '', 0);

-- --------------------------------------------------------

--
-- Table structure for table `batches_notification`
--

CREATE TABLE `batches_notification` (
  `id` int(11) NOT NULL,
  `batch` int(11) NOT NULL,
  `cosh` int(11) DEFAULT NULL,
  `ind` int(11) NOT NULL,
  `status` int(11) NOT NULL DEFAULT 0
) ENGINE=InnoDB DEFAULT CHARSET=utf8mb4 COLLATE=utf8mb4_general_ci;

--
-- Dumping data for table `batches_notification`
--

INSERT INTO `batches_notification` (`id`, `batch`, `cosh`, `ind`, `status`) VALUES
(34, 6, NULL, 165, 1),
(35, 5, NULL, 171, 1),
(36, 7, NULL, 171, 1),
(37, 0, NULL, 171, 1),
(38, 6, NULL, 165, 1);

-- --------------------------------------------------------

--
-- Table structure for table `chat`
--

CREATE TABLE `chat` (
  `chat_id` int(11) NOT NULL,
  `from_person` varchar(255) NOT NULL,
  `to_person` varchar(255) NOT NULL,
  `msg` varchar(255) NOT NULL,
  `msg_files` longtext DEFAULT NULL,
  `date` varchar(255) DEFAULT NULL,
  `send_type` varchar(100) DEFAULT NULL,
  `admin_noti` int(11) NOT NULL DEFAULT 0,
  `ind_noti` int(11) NOT NULL DEFAULT 0,
  `com_noti` int(11) NOT NULL DEFAULT 0,
  `coash_id` int(11) NOT NULL DEFAULT 0
) ENGINE=InnoDB DEFAULT CHARSET=utf8mb4 COLLATE=utf8mb4_general_ci;

--
-- Dumping data for table `chat`
--

INSERT INTO `chat` (`chat_id`, `from_person`, `to_person`, `msg`, `msg_files`, `date`, `send_type`, `admin_noti`, `ind_noti`, `com_noti`, `coash_id`) VALUES
(266, 'samsung_1', 'khloud', 'ุงูุณูุงู ุนูููู', '', '2023-08-08', 'com', 1, 1, 0, 0),
(267, 'samsung_1', 'khloud', 'ููู ุญุงูู ุฎููุฏุ', '', '2023-08-08', 'com', 1, 1, 0, 0),
(268, 'khloud', 'samsung_1', 'ูุนูููู ุงูุณูุงู ูุฑุญูู ุงููู ูุจุฑูุงุชู', '', '2023-08-08', 'ind', 1, 0, 1, 0),
(269, 'khloud', 'samsung_1', 'ุชูุงู ุงูุญูุฏุงููู', '', '2023-08-08', 'ind', 1, 0, 1, 0),
(270, 'admin', '', 'ูุฑุญุจุง ุณุงุฑุฉ ุชุดุฑููุง ุจุณุชุฌููู ูุนุงูุง', ',', '2023-08-09', 'admin', 1, 1, 1, 0),
(271, 'admin', '', 'ูุฑุญุจุง ุณุงุฑุฉ', ',', '2023-08-09', 'admin', 1, 1, 1, 0),
(272, 'admin', '', 'ูุฑุญุจุง ุงูุณุฉ ุณุงุฑุฉ', ',', '2023-08-09', 'admin', 1, 1, 1, 0),
(273, 'admin', '', 'ูุฑุญุจุง ุงูุณุฉ ุณุงุฑุฉ', ',', '2023-08-09', 'admin', 1, 1, 1, 0),
(274, 'admin', 'khloud', 'ุงููุง ุฎููุฏ', ',', '2023-08-09', 'admin', 1, 1, 1, 0),
(275, 'admin', 'samsung_1', 'ุงูุณูุงู ุนูููู', ',', '2023-08-09', 'admin', 1, 1, 1, 0),
(276, 'admin', '', 'ุงูุณูุงู ุนูููู', ',', '2023-08-09', 'admin', 1, 1, 1, 0),
(277, 'admin', 'khalid cars', 'ุงูุณูุงู ุนูููู', ',', '2023-08-09', 'admin', 1, 1, 1, 0),
(278, 'admin', '', 'ุณูุงู ุนูููู ุนุฒูุฒุชู ุณุงุฑุฉ ', ',', '2023-08-09', 'admin', 1, 1, 1, 0),
(279, 'admin', '', 'ุณูุงู ุนูููู ', ',', '2023-08-09', 'admin', 1, 1, 1, 0),
(280, 'admin', '', 'ุณูุงู ุนูููู ', ',', '2023-08-09', 'admin', 1, 1, 1, 0),
(281, 'admin', '', 'ูุฑุญุจุง ุณุงุฑุฉ', ',', '2023-08-09', 'admin', 1, 1, 1, 0),
(282, 'admin', 'khalid cars', 'ุณูุงู ุนูููู ', ',', '2023-08-09', 'admin', 1, 1, 1, 0),
(283, 'admin', '', 'ุงูุณูุงู ุนูููู\r\n', ',', '2023-08-09', 'admin', 1, 1, 1, 0),
(284, 'admin', 'hanouf', 'ุงูุณูุงู ุนูููู', ',', '2023-08-10', 'admin', 1, 1, 1, 0),
(285, 'admin', '', 'ุงูุณูุงู ุนูููู\r\n', ',', '2023-08-10', 'admin', 1, 1, 1, 0),
(286, 'admin', '', 'ูุฑุญุจุง ุนุฒูุฒุชู ุดูุฏ ุญูุงู ุงููู ูุนุงูุง ', ',', '2023-08-10', 'admin', 1, 1, 1, 0),
(287, 'admin', 'ุดูุฏ', 'ุงูุณูุงู ุนูููู', ',', '2023-08-10', 'admin', 1, 1, 1, 0),
(288, 'ุดูุฏ', 'admin', 'ูุนูููู ุงูุณูุงู', '', '2023-08-10', 'ind', 1, 0, 1, 0),
(289, 'samsung_1', 'admin', 'ูุนูููู ุงูุณูุงู', '', '2023-08-10', 'com', 1, 0, 0, 0),
(290, 'admin', 'thelastone', 'ุงูุณูุงู ุนูููู ุงู ุงุฎุจุงุฑู ุณุงุฑุฉ\r\n', ',', '2023-08-10', 'admin', 1, 1, 1, 0),
(291, 'khloud', 'admin', 'ุงูููู ูููู', '', '2023-08-10', 'ind', 1, 0, 1, 0),
(292, 'admin', 'ุดูุฏ', 'ูุฑุญุจุง ', ',', '2023-08-10', 'admin', 1, 1, 1, 0),
(293, 'ุดูุฏ', 'admin', 'ููุง\r\n', '', '2023-08-10', 'ind', 1, 0, 1, 0),
(294, 'ุดูุฏ', 'admin', 'ููุง\r\n', '', '2023-08-10', 'ind', 1, 0, 1, 0),
(295, 'ุดูุฏ', 'admin', 'ุจุทูุก ุฌุฏุงู ููุจููู ุชุนุฏูู ุนูู ุงููููุฉ ุงูุงุดุนุงุฑ ูุงูุจูู \r\n', '', '2023-08-10', 'ind', 1, 0, 1, 0),
(296, 'admin', 'ุดูุฏ', 'ุฑุงุญ ุงุฑุณู ูู ุนูุฏ ููุฏูุน ', 'ุนูุฏูุณุงุทุฉูุชูุธูููุชุฏุฑุจูู.pdf,', '2023-08-10', 'admin', 1, 1, 1, 0),
(297, 'admin', 'samsung_1', 'ููู ุญุงููุ', ',', '2023-08-10', 'admin', 1, 1, 1, 0),
(298, 'samsung_1', 'admin', 'ุชูุงู ุงูุญูุฏุงููู', '', '2023-08-10', 'com', 1, 0, 0, 0),
(299, 'admin', 'ุดูุฏ', 'ุจุนุฏ ุงูุชูููุน ุนุฒูุฒุชู ุฑุงุญ ูููู ุนูุฏู ุงููููุฉ ุงูุฏูุน ุจุนุฏ ุงูุฏูุน ุงุฑุณูู ููุง ุงูุตุงู ุงูุฏูุน ูุฑุงุญ ูุชู ุชูุนูู ุนุถููุชู ูุงูุถูุงูู ุงูู ุฏูุนุฉ ุงูุชุฏุฑูุจ ูุน ุงููุฏุฑุจ ', ',', '2023-08-10', 'admin', 1, 1, 1, 0),
(300, 'ุดูุฏ', 'admin', 'ุชูุงู, ุชูุถูู ุงูุนูุฏ', 'ุนูุฏูุณุงุทุฉูุชูุธูููุชุฏุฑุจูู.pdf,', '2023-08-10', 'ind', 1, 0, 1, 0),
(301, 'ุดูุฏ', 'admin', 'ููุง', '', '2023-08-10', 'ind', 1, 0, 1, 0),
(302, 'ุดูุฏ', 'admin', 'ุชูุถูู', 'ุนูุฏูุณุงุทุฉูุชูุธูููุชุฏุฑุจูู.pdf,', '2023-08-10', 'ind', 1, 0, 1, 0),
(303, 'ุดูุฏ', 'admin', 'ููููู', 'care4.pdf,', '2023-08-10', 'ind', 1, 0, 1, 0),
(304, 'ุดูุฏ', 'admin', 'ุงูููุฑุฉ ุงูู ูุงุฒู ููุง ุชุฑูุน ูุฑูู ูุงุฒู ุชุญุท ุนููุงู ููุงุณุจ ูููุฑูู\r\n#ู.ูุญููุฏ', 'care4.pdf,', '2023-08-10', 'ind', 1, 0, 1, 0),
(305, 'ุดูุฏ', 'admin', 'ุงููููุฉ ุงููุฑูู ููุณูุง ุชุนูู ูุงุชุดุชุบู ูุจุงุดุฑุฉ ููุฒู ุชุญุฏูุซ ุงูุตูุญู ูุงูุฎุฑูุฌ ูุงูุฏุฎูู ', '', '2023-08-10', 'ind', 1, 0, 1, 0),
(306, 'cup_2023', 'khloud', 'ุงูุณูุงู ุนูููู', '', '2023-08-10', 'com', 1, 1, 0, 0),
(307, 'admin', 'ุดูุฏ', 'ุนุฒูุฒุชู ุงุฑุณูู ุตูุฑุฉ ูู ูุงุชูุฑุฉ ุงูุฏูุน ', ',', '2023-08-10', 'admin', 1, 1, 1, 0),
(308, 'ุดูุฏ', 'admin', 'ูุงููุจู ูุฑูุน ุตูุบุฉ ุบูุฑ ุงูPDF ุงูุตูุบ ุงูุงุฎุฑู ูุง ุงุณุชุทูุน ุงุฑูุงููุง', '', '2023-08-10', 'ind', 1, 0, 1, 0),
(309, 'admin', '', 'ุ', ',', '2023-08-10', 'admin', 1, 1, 1, 0),
(310, 'ุดูุฏ', 'admin', 'ุณูุงู ', '', '2023-08-10', 'ind', 1, 0, 1, 0),
(311, 'admin', 'ุดูุฏ', 'ูุฑุญุจุง ', ',', '2023-08-10', 'admin', 1, 1, 1, 0),
(312, 'admin', '', 'ุณูุงู ', ',', '2023-08-10', 'admin', 1, 1, 1, 0),
(313, 'admin', 'ุดูุฏ', 'ุชูุช ุงุถุงูุชู ูู ุงูุฏูุนุฉ ุงูุชุฌุฑูุจูุฉ ูุณูุชู ุงูุชูุงุตู ูุนู ุนู ุทุฑูู ุงููุฏุฑุจ ูู ุงูุฑุจ ููุช ูุชุฒููุฏู ุจููู ุงูุฏูุฑุฉ ููุญุชููุงุชู ูุงูุชูุงุฑูุฎ ูุฌููุน ุงูุญุตุต ูุงูุงุฎุชุจุงุฑุงุช \r\nูุชููู ูู ุงูุชูููู ููุง ุชุชุฑุฏุฏ ุจุงูุชูุงุตู ูุนูุง ูุฃู ุงุณุชูุณุงุฑ \r\n\r\n\r\n', ',', '2023-08-11', 'admin', 1, 1, 1, 0),
(314, 'ุดูุฏ', 'admin', 'ุดูุฑุงู ููู ', '', '2023-08-11', 'ind', 1, 0, 1, 0),
(315, 'coash', 'ุดูุฏ', 'ุงูุณูุงู ุนูููู ูุฑุญูุฉ ุงููู ูุจุฑูุงุชู \r\n\r\nุงุฑุญุจ ุจุงูุฌููุน ูู ููุตุฉ ุงูุชูุงุก ุงูุชู ุณูู ุชุถูู ููู ุงููุซูุฑ ุจุฅุฐู ุงููู ุงูู ููุงุฑุงุชูู ูุฎุจุฑุงุชูู ุงูููููุฉ \r\nุงูุง ุงููุฏุฑุจ ุนุจุฏุงููู ุฑุงุญ ุงููู ูุฏุฑุจูู ุฎูุงู ุฑุญูุชูู ูุนูุง ูู ุงูุชูุงุก ููุณุฃู ุงููู ุงูู ูููุน ุจูุง ูุจูู \r\n\r\nุชู ุงุฑูุงู ููู ูู ูุญุชููุงุช ุงูุฏูุฑ', ',', '2023-08-11', 'coash', 1, 1, 0, 8),
(316, 'coash', 'ุดูุฏ', 'ุงูุณูุงู ุนูููู ูุฑุญูุฉ ุงููู ูุจุฑูุงุชู ุงุฑุญุจ ุจุงูุฌููุน ูู ููุตุฉ ุงูุชูุงุก \r\nูุนุงูู ุงููุฏุฑุจ ุนุจุฏุงููู ูุฑุงุญ ุงููู ูุฏุฑุจูู ุฎูุงู ุฑุญูุชูู ูู ุงูุชูุงุก \r\nุชู ุงุฑูุงู ููู ุจุฌููุน ูุญุชููุงุช ุงูุฏูุฑุฉ ูุงูุชูุงุฑูุฎ ูุงูุงููุงุช ูุฌููุน ุงูุญุตุต ูุงูุงุฎุชุจุงุฑุงุช \r\nูู ุญุงู ูุฌูุฏ ุงู ุงุณุชูุณุงุฑ ูุง ุชุชุฑุฏุฏูู ุจุงูุชูุงุตู ูุนู ุงู ูุน', ',', '2023-08-11', 'coash', 1, 1, 0, 8),
(317, 'coash', 'ุดูุฏ', 'ุงูุณูุงู ุนูููู  ุงุฑุญุจ ุจุงูุฌููุน ูู ููุตุฉ ุงูุชูุงุก ูุนุงูู ุงููุฏุฑุจ ุนุจุฏุงููู ูุฑุงุญ ุงููู ูุฏุฑุจูู ุฎูุงู ุฑุญูุชูู ูู ุงูุชูุงุก ุชู ุงุฑูุงู ููู ุจุฌููุน ูุญุชููุงุช ุงูุฏูุฑุฉ  ูุงูุชูุงุฑูุฎ ูุฌููุน ุงูุญุตุต ูุงูุงุฎุชุจุงุฑุงุช ูู ุญุงู ูุฌูุฏ ุงู ุงุณุชูุณุงุฑ ูุง ุชุชุฑุฏุฏูู ุจุงูุชูุงุตู ูุนู ุงู ูุน ูุฑูู ุงูุฎุฏูุฉ', ',', '2023-08-11', 'coash', 1, 1, 0, 8),
(318, 'coash', 'ุดูุฏ', 'ุงูุณูุงู ุนูููู   ุงุฑุญุจ ุจุงูุฌููุน ูู ููุตุฉ ุงูุชูุงุก ูุนุงูู ุงููุฏุฑุจ ุนุจุฏุงููู ูุฑุงุญ ุงููู ูุฏุฑุจูู ุฎูุงู ุฑุญูุชูู ูู ุงูุชูุงุก ุชู ุงุฑูุงู ููู ุจุฌููุน ูุญุชููุงุช ุงูุฏูุฑุฉ  ูู ุญุงู ูุฌูุฏ ุงู ุงุณุชูุณุงุฑ ูุง ุชุชุฑุฏุฏูู ุจุงูุชูุงุตู ูุนู ุงู ูุน ูุฑูู ุงูุฎุฏูุฉ\r\nุชุญูุงุชู', ',', '2023-08-11', 'coash', 1, 1, 0, 8),
(319, 'coash', 'ุดูุฏ', 'ุงูุณูุงู ุนูููู ูุฑุญูุฉ ุงููู ูุจุฑูุงุชู \r\nุงุฑุญุจ ุจุงูุฌููุน ูู ููุตุฉ ุงูุชูุงุก. \r\n', ',', '2023-08-11', 'coash', 1, 1, 0, 8),
(320, 'coash', 'ุดูุฏ', 'ูุนุงูู ุงููุฏุฑุจ ุนุจุฏุงููู ูุฑุงุญ ุงููู ูุนุงูู ุทูุงู ุฑุญูุชูู ูู ููุตุฉ ุงูุชูุงุก \r\nุงููู ุฑุงุญ ุชุถูู ููู ุงููุซูุฑ ุงู ุดุงุก ุงููู ูู ูุณูุฑุชูู ุงูููููุฉ ูููุจูุนุงุช ', ',', '2023-08-11', 'coash', 1, 1, 0, 8),
(321, 'coash', 'ุดูุฏ', ' ุชู ุงุฑูุงู ููู ุจุฌููุน ูุญุชููุงุช ุงูุฏูุฑุฉ ูุงูุชูุงุฑูุฎ ูุงูุงููุงุช ูุฌููุน ุงูุญุตุต ูุงูุงุฎุชุจุงุฑุงุช\r\nูุฑุงุญ ููุตููู ุฑุงุจุท ุงูุฏุฎูู ููุญุตุฉ ูุจู ุจุฏุงูุชูุง ุจ ุนุดุฑ ุฏูุงุฆู ูุชูุงุฏู ุงู ูุดุงูู ุจุงูุฏุฎูู \r\n', ',', '2023-08-11', 'coash', 1, 1, 0, 8),
(322, 'coash', 'ุดูุฏ', ' ูู ุญุงู ูุฌูุฏ ุงู ุงุณุชูุณุงุฑ ูุง ุชุชุฑุฏุฏูู ุจุงูุชูุงุตู ูุนู ุงู ูุน ูุฑูู ุงูุฎุฏูุฉ \r\nุชุญูุงุชู', ',', '2023-08-11', 'coash', 1, 1, 0, 8),
(324, 'admin', 'Alrajhi_Bank', 'ุงููุง ุจูู ูู ููุตุฉ ุงูุชูุงุก', ',', '2023-08-11', 'admin', 1, 1, 1, 0),
(325, 'Alrajhi_Bank', 'admin', 'ุญูุงูู ุงููู , ูููู ุดุฑุญ ุทุฑููุฉ ุงูุฏูุน ุ ', '', '2023-08-11', 'com', 1, 1, 0, 0),
(326, 'admin', 'Alrajhi_Bank', 'ูุชู ุชุญููู  ุงูุนูุฏ ุงูููุฌูุฏ ูู ุตูุญุชู , ููู ุซู ุงุฑุณุงููุง ููุง - ููู ุซู ุดุญู ุงููุจูุบ ุงูููุฌูุฏุฉ ุงูุถุง ุจุงูููุตุฉ ', ',', '2023-08-11', 'admin', 1, 1, 1, 0),
(327, 'Alrajhi_Bank', 'ุดูุฏ', 'ูุฑุญุจุง ุงุฎุช ุดูุฏ ', '', '2023-08-11', 'com', 1, 1, 0, 0),
(328, 'ุดูุฏ', 'Alrajhi_Bank', 'ุงููุงู ', '', '2023-08-11', 'ind', 1, 0, 1, 0),
(329, 'Alrajhi_Bank', 'ุดูุฏ', 'ุงุนุฌุจูุง ุชูููู ูุญุงุจูู ูุนูู ูุนุงู ููุงุจูุฉ ', '', '2023-08-11', 'com', 1, 1, 0, 0),
(330, 'ุดูุฏ', 'Alrajhi_Bank', 'ูุชู ุญุงุจูู ูุงู ููุช ุ ', '', '2023-08-11', 'ind', 1, 0, 1, 0),
(331, 'Alrajhi_Bank', 'ุดูุฏ', 'ุฑุงุญ ูุฎุชุงุฑ ุงูููุช ุงูููุงุณุจ ูู ููุฑุณู ูู ุฑุงุจุท ุงูููููุดู ', '', '2023-08-11', 'com', 1, 1, 0, 0),
(332, 'ุดูุฏ', 'Alrajhi_Bank', 'ุชูุงู ุจุฅูุชุธุงุฑูู ', '', '2023-08-11', 'ind', 1, 0, 1, 0),
(333, 'ุดูุฏ', 'Alrajhi_Bank', 'ูุตููู ุงูููุนุฏ ููู ูููู ุชุฑุณููู ุงููููุนุ ', '', '2023-08-11', 'ind', 1, 0, 1, 0),
(334, 'Alrajhi_Bank', 'ุดูุฏ', 'https://www.google.com/maps/search/%D9%85%D9%88%D9%82%D8%B9+%D8%A7%D9%84%D8%B1%D8%A7%D8%AC%D8%AD%D9%8A%E2%80%AD/@24.1578572,47.3602469,13z/data=!3m1!4b1?entry=ttu', '', '2023-08-11', 'com', 1, 1, 0, 0),
(335, 'Alrajhi_Bank', 'ุดูุฏ', 'ุจุงูุชุธุงุฑู ุจุงุฐู ุงููู ุนูู ุงูููุนุฏ ', '', '2023-08-11', 'com', 1, 1, 0, 0),
(336, 'Alrajhi_Bank', 'admin', 'ูุนู .... ุดูุฑุง ููู', '', '2023-08-12', 'com', 1, 1, 0, 0),
(337, 'admin', '', 'ุงูุณูุงู ุนูููู ... ููู ุญุงู', ',', '2023-08-12', 'admin', 1, 1, 1, 0),
(338, 'admin', '', 'ุงูุณูุงู ุนูููู', ',', '2023-08-12', 'admin', 1, 1, 1, 0),
(339, 'admin', '', 'ุงูุณูุงู ุนูููู', ',', '2023-08-12', 'admin', 1, 1, 1, 0),
(340, 'admin', '', 'ุงูุณูุงู ุนูููู', ',', '2023-08-12', 'admin', 1, 1, 1, 0),
(341, 'admin', '', 'ุงูุณูุงู ุนูููู', ',', '2023-08-12', 'admin', 1, 1, 1, 0),
(342, 'admin', '', 'ุงูุณูุงู ุนูููู', ',', '2023-08-12', 'admin', 1, 1, 1, 0),
(343, 'admin', '', 'hi', ',', '2023-08-12', 'admin', 1, 1, 1, 0),
(344, 'admin', '', 'ุงูุณูุงู ุนูููู', ',', '2023-08-12', 'admin', 1, 1, 1, 0),
(345, 'admin', '', 'hi', ',', '2023-08-12', 'admin', 1, 1, 1, 0),
(346, 'admin', 'Watan', 'ุงูุณูุงู ุนูููู', ',', '2023-08-12', 'admin', 1, 1, 1, 0),
(347, 'admin', 'Helloo', 'ุงูุณูุงู ุนูููู', ',', '2023-08-12', 'admin', 1, 1, 1, 0),
(348, 'admin', 'Remot', 'ููู ุงูุญุงู', ',', '2023-08-12', 'admin', 1, 1, 1, 0),
(349, 'admin', 'Noura_2023', 'ุณูุงู ุนูููู ', ',', '2023-08-12', 'admin', 1, 1, 1, 0),
(350, 'admin', 'Noura_2023', 'ุงููุง ููู ุงุณุชุงุฐุฉ ููุฑุฉ ', ',', '2023-08-12', 'admin', 1, 1, 1, 0),
(351, 'Noura_2023', 'admin', 'ูุนูููู ุงูุณูุงู ', '', '2023-08-12', 'ind', 1, 0, 1, 0),
(352, 'admin', 'Noura_2023', 'ุนุฒูุฒุชู ูุฃุณุชููุงู ุงูุชุณุฌูู ููุฏูุฑุฉ ูุฑุฌู ุชูููุน ุงูุนูุฏ ูุงุฑูุงูู ููู ุซู ุงูุฏูุน ููุชู ุชูุนูู ุญุณุงุจู ', 'ุนูุฏุชุฏุฑูุจุนุจุฑุดุจูุฉุงูุงูุชุฑูุช.pdf,', '2023-08-12', 'admin', 1, 1, 1, 0),
(353, 'Noura_2023', 'admin', 'ุชูุถูู\r\n', '74198800-F85E-4C9C-9F7F-A7EF3F68091F.pdf,', '2023-08-12', 'ind', 1, 0, 1, 0),
(354, 'coash', 'Noura_2023', 'ูุฑุญุจุง ุจูู ุฌููุนุง ', ',', '2023-08-12', 'coash', 1, 1, 0, 8),
(355, 'Yamaha_School', 'Noura_2023', 'ุณูุงู ุนูููู ', '', '2023-08-13', 'com', 1, 1, 0, 0),
(356, 'Noura_2023', 'Yamaha_School', 'ูุนูููู ุงูุณูุงู , ุงุทูุนุช ุนูู ูุดุงุท ุงูุดุฑูุฉ ุงูุชู ูุฏุฑุณุฉ ููุณูููุฉ ุตุญูุญ ุ , ููู ุญูููู ุฏูุฑู ูุนุงูู ', '', '2023-08-13', 'ind', 1, 0, 1, 0),
(357, 'Yamaha_School', 'Noura_2023', 'ุตุญูุญ , ุญูููู ุฏูุฑู ุชุชูุงุตูู ูุน ุงูุนููุงุก ุงูููุชููู ุจุงูุชุนููู ูุงูุชู ุชููุนููู ุจุงูุชุณุฌูู ูุทุจุนุง ุงูุฏุงุชุง ุญูููู ุฏุงุฆูุง ุฌุฏูุฏ ููุญุชุงุฌ ุงุดุฎุงุต ูุญุชุฑููู ูุนุฑููู ูุชุนุงูููู ูุน ูุฐู ุงูุงุฑูุงู ', '', '2023-08-13', 'com', 1, 1, 0, 0),
(358, 'Noura_2023', 'Yamaha_School', 'ุชูุงู ููุงููู ', '', '2023-08-13', 'ind', 1, 0, 1, 0),
(359, 'Yamaha_School', 'Noura_2023', 'ุญูุฑุณู ูู ุนูู ููุงุจูุฉ ุดุฎุตูุฉ ูุฑุงุญ ูุญุฏุฏ ุงูููุนุฏ ', '', '2023-08-13', 'com', 1, 1, 0, 0),
(360, 'admin', 'Yamaha_School', 'ูุฑุญุจุง', ',', '2023-08-15', 'admin', 1, 0, 1, 0),
(361, 'Yamaha_School', 'admin', 'ุงููุง ุจูู ', '', '2023-08-15', 'com', 1, 0, 0, 0),
(362, 'admin', 'Yamaha_School', 'ุููู ุญุงูู', ',', '2023-08-17', 'admin', 1, 0, 1, 0),
(363, 'admin', 'Yamaha_School', 'ุููู ุญุงูู', ',', '2023-08-17', 'admin', 1, 0, 1, 0),
(364, 'admin', 'Yamaha_School', 'ุููู ุญุงูู ูู', ',', '2023-08-17', 'admin', 1, 0, 1, 0),
(365, 'admin', 'Yamaha_School', 'ูุณูุงู ', ',', '2023-08-26', 'admin', 1, 0, 1, 0);

-- --------------------------------------------------------

--
-- Table structure for table `coash_notification`
--

CREATE TABLE `coash_notification` (
  `id` int(11) NOT NULL,
  `ind_id` int(11) NOT NULL,
  `noti_desc` varchar(255) NOT NULL,
  `status` int(11) NOT NULL DEFAULT 0,
  `noti_date` timestamp NOT NULL DEFAULT current_timestamp(),
  `coash_id` int(11) DEFAULT NULL
) ENGINE=InnoDB DEFAULT CHARSET=utf8 COLLATE=utf8_general_ci;

--
-- Dumping data for table `coash_notification`
--

INSERT INTO `coash_notification` (`id`, `ind_id`, `noti_desc`, `status`, `noti_date`, `coash_id`) VALUES
(1, 127, 'ุงูุชูุงุก ุงุฎุชุจุงุฑ ', 0, '2023-06-17 21:00:00', NULL),
(2, 127, 'ุงูุชูุงุก ุงุฎุชุจุงุฑ ', 1, '2023-06-17 21:00:00', 2),
(3, 127, 'ุงูุชูุงุก ุงุฎุชุจุงุฑ ', 0, '2023-06-18 21:00:00', NULL),
(4, 127, 'ุงูุชูุงุก ุงุฎุชุจุงุฑ ', 0, '2023-06-18 21:00:00', NULL),
(5, 136, 'ุงูุชูุงุก ุงุฎุชุจุงุฑ ', 1, '2023-06-22 04:00:00', 8),
(6, 136, 'ุงูุชูุงุก ุงุฎุชุจุงุฑ ', 1, '2023-07-03 04:00:00', 8),
(7, 165, 'ุงูุชูุงุก ุงุฎุชุจุงุฑ ', 1, '2023-08-11 04:00:00', 8),
(8, 171, 'ุงูุชูุงุก ุงุฎุชุจุงุฑ ', 1, '2023-08-13 04:00:00', 8);

-- --------------------------------------------------------

--
-- Table structure for table `company_register`
--

CREATE TABLE `company_register` (
  `com_id` int(11) NOT NULL,
  `com_name` varchar(255) NOT NULL,
  `com_name_en` varchar(255) NOT NULL,
  `com_username` varchar(255) NOT NULL,
  `com_email` varchar(255) NOT NULL,
  `com_phone` varchar(100) DEFAULT NULL,
  `com_image` varchar(255) DEFAULT NULL,
  `com_password` varchar(255) NOT NULL,
  `com_num` varchar(255) NOT NULL,
  `com_active` varchar(255) NOT NULL,
  `com_place` varchar(255) NOT NULL,
  `com_braches` varchar(255) NOT NULL,
  `com_founded` varchar(255) NOT NULL,
  `com_work_h` varchar(255) NOT NULL,
  `com_work_libs` varchar(255) NOT NULL,
  `com_weekend_num` varchar(100) NOT NULL,
  `com_work_type` varchar(255) NOT NULL,
  `com_salary` varchar(100) NOT NULL,
  `com_commission` varchar(100) NOT NULL,
  `com_info` longtext DEFAULT NULL,
  `code` varchar(255) DEFAULT NULL,
  `com_status` varchar(255) NOT NULL DEFAULT '0',
  `com_confirm` varchar(255) NOT NULL DEFAULT '0',
  `com_balance` varchar(255) NOT NULL DEFAULT '0',
  `com_updated` int(11) NOT NULL DEFAULT 0,
  `start_date` timestamp NOT NULL DEFAULT current_timestamp(),
  `active_status` int(11) DEFAULT 0,
  `active_status_code` varchar(300) DEFAULT NULL,
  `order_number` int(11) DEFAULT NULL
) ENGINE=InnoDB DEFAULT CHARSET=utf8mb4 COLLATE=utf8mb4_general_ci;

--
-- Dumping data for table `company_register`
--

INSERT INTO `company_register` (`com_id`, `com_name`, `com_name_en`, `com_username`, `com_email`, `com_phone`, `com_image`, `com_password`, `com_num`, `com_active`, `com_place`, `com_braches`, `com_founded`, `com_work_h`, `com_work_libs`, `com_weekend_num`, `com_work_type`, `com_salary`, `com_commission`, `com_info`, `code`, `com_status`, `com_confirm`, `com_balance`, `com_updated`, `start_date`, `active_status`, `active_status_code`, `order_number`) VALUES
(1, 'Mohamed Ramadan', 'lamar', 'Mohamed ', 'mr319242@gmail.com', NULL, NULL, '11111111', '1222133655add', 'ุงูุชุฌุงุฑุฉ ุงูุงููุชุฑูููุฉ', 'ุงููุงูุฑุฉ', 'ุฏููุนูุฑ', '2022', 'ูู 8 ุตุจุงุญุง ุงูู 8 ูุณุงุกุง', '2', '2', ' ุนูู ููุฏุงูู ', '1000', '100', NULL, NULL, '1', '0', '0', 1, '2023-06-10 07:35:18', 0, '25ce309213fdc26a27eaeb6d38004991', NULL),
(2, 'samsung', 'samsung', 'samsung_1', 'orang_2023@outlook.sa', '', '1691534792_Samsung-Logo.jpg', 'hanouf5501562', '11005874765', 'ุชููููุฌูุง', 'USA', 'ุฌููุน ููุงุทู ุงูุนุงูู ', '1995', ' ู ูู ุงูุณุงุนู 7 ุตุจุงุญุง ุญุชู ุงูู4 ูุณุงุกู - ูู ุงูุณุงุนู 12 ุธูุฑุง ุญุชู ุงูุซุงููู ูุณุงุกู', '2 ', 'ููู ูุงุญุฏ ', ' ุนูู ููุฏุงูู ', '7000', '50%', 'ูุญู ุดุฑูุฉ ุฑุงุฆุฏุฉ ูู ุนุงูู ุงูุชููููุฌูุง ูุงูุตูุงุนู ููุณุนู ูู ุงุณุชูุทุงุจ ูููุฒูู ููุงูุถูุงู ูู ุงููุฑูู ูุนูุง \r\n', NULL, '1', '1', '9900', 1, '2023-06-10 07:48:30', 0, '60701d43819f5d5aba610b0f58eff99a', NULL),
(3, 'Cup', 'ููุจ', 'cup_2023', 'cup_2023@outlook.sa', '', '1691534587_contact.jpg', 'hanouf5501562', '11005874765', 'ููุชุฌ ุงููุงุจ ูุนุฏููู', 'ุฌุฏู', 'ุงูุฑูุงุถ ูุฌุฏู ุงูุดุฑููู', '2012', ' ู ูู ุงูุณุงุนู 7 ุตุจุงุญุง ุญุชู ุงูู4 ูุณุงุกู - ูู ุงูุณุงุนู 12 ุธูุฑุง ุญุชู ุงูุซุงููู ูุณุงุกู', '2', 'ููู ูุงุญุฏ ', ' ุนูู ููุชุจู ', '7000', '50%', '', NULL, '1', '0', '900', 1, '2023-06-13 20:20:18', 0, '70a410c53ddf561db37df04d8e636908', NULL),
(5, 'hassan', 'com', 'lamar', 'mohamedramadan2930@gmail.com', NULL, NULL, '123456789', '1222133655add', 'ููุฉู', 'qw', 'ุฏููุนูุฑ', '2022', 'ูู 8 ุตุจุงุญุง ุงูู 8 ูุณุงุกุง', '2', '2', ' ุนูู ููุชุจู ', '1000', '2%', NULL, NULL, '1', '0', '0', 1, '2023-06-20 21:26:11', 0, 'db5e616e0a33a51b8c3430a0a915addf', NULL),
(6, 'ููุจุงูู', 'mobile', 'mobile', 'mobile_2023@outlook.sa', NULL, NULL, 'hanouf5501562', '11005874765', 'ุชููููุฌูุง', 'ุฌุฏู', 'ุงูุฑูุงุถ ูุฌุฏู ุงูุดุฑููู', '1990', ' ู ูู ุงูุณุงุนู 7 ุตุจุงุญุง ุญุชู ุงูู4 ูุณุงุกู - ูู ุงูุณุงุนู 12 ุธูุฑุง ุญุชู ุงูุซุงููู ูุณุงุกู', '2 ', 'ููู ูุงุญุฏ ', ' ุนูู ููุฏุงูู ', '7000', '50%', NULL, NULL, '0', '0', '0', 1, '2023-06-21 00:57:33', 0, '59a2810c26a67257917b09ba2d6b4121', NULL),
(7, 'ุงูููู', 'iphone', 'iphone_2023', 'iphone_2023@outlook.sa', NULL, NULL, 'hanouf5501562', '11005874765', 'ุชููููุฌูุง', 'ุฌุฏู', 'ุงูุฑูุงุถ ูุฌุฏู ุงูุดุฑููู', '1990', ' ู ูู ุงูุณุงุนู 7 ุตุจุงุญุง ุญุชู ุงูู4 ูุณุงุกู - ูู ุงูุณุงุนู 12 ุธูุฑุง ุญุชู ุงูุซุงููู ูุณุงุกู', '2 ', 'ููู ูุงุญุฏ ', ' ุนูู ููุชุจู ', '7000', '50%', NULL, NULL, '0', '0', '0', 1, '2023-06-21 01:02:01', 0, '000d156086ebb1f8295e757d10eba394', NULL),
(8, 'ุดุฑูุฉ ุชูุจู ุงูุนุงูููู', 'table international company', 'TABLE', 'table_2023@outlook.sa', NULL, NULL, 'hanouf5501562', '1100587458', 'ุงููุชุฑูููู ', 'ุฌุฏู', 'ุงูุฑูุงุถ ูุฌุฏู ุงูุดุฑููู', '1990', ' ู ูู ุงูุณุงุนู 7 ุตุจุงุญุง ุญุชู ุงูู4 ูุณุงุกู - ูู ุงูุณุงุนู 12 ุธูุฑุง ุญุชู ุงูุซุงููู ูุณุงุกู', '2 ', 'ููู ูุงุญุฏ ', ' ุนูู ููุชุจู ', '4550', '50%', NULL, NULL, '0', '0', '0', 1, '2023-07-10 17:47:31', 0, '11758bffe99bdd9814b7005b99bd5cad', NULL),
(9, 'ุชูุจู ุงูุนุงูููู ', 'table international company', 'TABLE_2023', 'tt_2023@outlook.sa', NULL, NULL, 'hanouf5501562', '1100587458', 'ุงููุชุฑูููู ', 'ุฌุฏู', 'ุงูุฑูุงุถ ูุฌุฏู ุงูุดุฑููู', '1990', ' ู ูู ุงูุณุงุนู 7 ุตุจุงุญุง ุญุชู ุงูู4 ูุณุงุกู - ูู ุงูุณุงุนู 12 ุธูุฑุง ุญุชู ุงูุซุงููู ูุณุงุกู', '2 ', 'ููู ูุงุญุฏ ', ' ุนูู ููุชุจู ', '4550', '50%', NULL, NULL, '0', '0', '0', 1, '2023-07-10 18:03:45', 0, '2dc61b4b2138c2d18abdc6975a4ce5db', NULL),
(10, 'ูุญููุฏ', 'mahmoud', 'mamhoud', 'mamhoudabuha@gmail.com', NULL, NULL, '123456789', '1000231', 'ุชุฌุงุฑู', 'ุงูุฑูุงุถ', '1', '2011', '2', '2', '2', ' ุนูู ููุชุจู ', '1000$', '10$', NULL, NULL, '0', '0', '0', 1, '2023-08-08 20:52:58', 0, '1033d20dd033b6c1bbb1a8a1f216c347', NULL),
(11, 'ูุญููุฏ', 'mahmoud', 'Ahmed', 'wrtegerr20gefg@gmail.com', NULL, NULL, '123456789', '1000231', 'ุชุฌุงุฑู', 'ุฒููู', '1', '2011', '2', '2', '2', ' ุนูู ููุชุจู ', '1000$', '10$', NULL, NULL, '0', '0', '0', 1, '2023-08-08 20:54:52', 0, '9e53f757b9b297a17bd9b0b0bfb7b814', NULL),
(12, 'mahmoud', 'mahmoud', 'ali', 'rafikabuhs1999@gmail.com', NULL, NULL, '123456789', '1000231', 'ุชุฌุงุฑู', 'ุนููุฒุฉ', '1', '2011', '2', '2', '2', ' ุนูู ููุฏุงูู ', '1100$', '20$', NULL, NULL, '0', '0', '0', 1, '2023-08-08 21:07:09', 0, 'f9887eef770b79f46382cf7bfb5b6dc3', NULL),
(20, 'ุดุฑูุฉ ุงูุงุถุงุฆุงุช ุงููุทููู', 'the light company', 'The light', 'the_light@outlook.sa', NULL, NULL, 'hanouf5501562', '11005874765', 'ุงููุชุฑูููู ', 'ุฌุฏุฉ', 'ุฌููุน ููุงุทู ุงูุนุงูู ', '1990', ' ู ูู ุงูุณุงุนู 7 ุตุจุงุญุง ุญุชู ุงูู4 ูุณุงุกู - ูู ุงูุณุงุนู 12 ุธูุฑุง ุญุชู ุงูุซุงููู ูุณุงุกู', '2', 'ููู ูุงุญุฏ ', ' ุนูู ููุฏุงูู ', '7000', '50%', NULL, NULL, '0', '0', '0', 1, '2023-08-09 11:37:42', 0, '5ab4c7f36f76de265c3553ae54e8f825', NULL),
(21, 'ุดุฑูุฉ ุงูููุชุงุช ุงูุฑูููุฉ', 'the note company', 'the note', 'hhk471920@gmail.com', NULL, NULL, 'hanouf5501562', '11005874765', 'ุชููููุฌูุง', 'ุฌุฏุฉ', 'ุฌููุน ููุงุทู ุงูุนุงูู ', '1990', ' ู ูู ุงูุณุงุนู 7 ุตุจุงุญุง ุญุชู ุงูู4 ูุณุงุกู - ูู ุงูุณุงุนู 12 ุธูุฑุง ุญุชู ุงูุซุงููู ูุณุงุกู', '2', 'ููู ูุงุญุฏ ', ' ุนูู ููุฏุงูู ', '7000', '50%', NULL, NULL, '0', '0', '0', 1, '2023-08-09 11:56:50', 0, 'd4c67e83bd66c3b20865c66f736b8d80', NULL),
(25, 'hanouf', 'hanoufcomp', 'hanouf', 'work47283@gmail.com', NULL, NULL, '123456789', '1010101', 'hanoufc', 'ููุฉ', '2', '2019', '12', '2', '2', ' ุนูู ููุฏุงูู ', '1000', '200', NULL, NULL, '0', '0', '0', 1, '2023-08-09 12:48:36', 0, 'b5ccc69a99a3616c7de28b2c8f60f78d', NULL),
(26, 'cars company', 'cars company', 'khalid cars', 'ka5456676@gmail.com', NULL, NULL, '5501562', '1100111', 'cars', 'ุงูุฑูุงุถ', '3', '1995', '2', '2', '2', ' ุนูู ููุฏุงูู ', '2', '222', NULL, '16932', '0', '0', '0', 1, '2023-08-09 12:55:45', 0, '53092efabb22a181c1f04447ba7a2f44', NULL),
(28, 'comadd', 'comadd', 'ahmeedd', 'sup.web07@gmail.com', NULL, NULL, '123456789', '1025888', 'com', 'ุฒููู', '2', '2022', '2', '2', '2', ' ุนูู ููุชุจู ', '2222', '200', NULL, NULL, '0', '0', '0', 1, '2023-08-10 20:31:11', 0, 'e2d02e79cd4448e7e7bcd35b525b41c3', NULL),
(29, 'ุจูู ุงูุฑุงุฌุญู', 'Alrajhi Bank', 'Alrajhi_Bank', 'jhra07519@gmail.com', '966532982054', '1691780773_ON7gVwpe_400x400.jpg', 'hanouf5501562', '1100587458', 'ูุตุฑูู', 'ุงูุฑูุงุถ', 'ุงูุฑูุงุถ ูุฌุฏู ุงูุดุฑููู', '1990', ' ู ูู ุงูุณุงุนู 7 ุตุจุงุญุง ุญุชู ุงูู4 ูุณุงุกู - ูู ุงูุณุงุนู 12 ุธูุฑุง ุญุชู ุงูุซุงููู ูุณุงุกู', '2 ', 'ููู ูุงุญุฏ ', ' ุนูู ููุฏุงูู ', '4550', '50%', '', NULL, '1', '0', '-948', 1, '2023-08-11 18:55:57', 0, 'ee2eebc9f049556ee33c85410bbcefcb', NULL),
(30, 'ูุฏุฑุณุฉ ูุงูุง ููููุณููู ', 'Yamaha music school', 'Yamaha_School', 'the_note2023@outlook.com', '', '1691871217_gallery_angle_front_black__50834.1473481420.500.659__65081.jpg', 'hanouf5501562', '1100587458', 'ุชุนููู ููุณููู', 'ุงูุฑูุงุถ', 'ุงูุฑูุงุถ ูุฌุฏู ุงูุดุฑููู', '1990', ' ู ูู ุงูุณุงุนู 7 ุตุจุงุญุง ุญุชู ุงูู4 ูุณุงุกู - ูู ุงูุณุงุนู 12 ุธูุฑุง ุญุชู ุงูุซุงููู ูุณุงุกู', '2 ', 'ููู ูุงุญุฏ ', ' ุนูู ููุชุจู ', '4550', '50%', 'ูุฏุฑุณุฉ ููุณูููุฉ ููุชุนููู  ุฌููุน ุงููุงุน ุงูููุณููู ', NULL, '1', '0', '-949', 1, '2023-08-12 20:10:30', 0, 'd85c5716d671135079ef6e82db128fd3', NULL),
(31, 'e', 'e', 'test', 'ss@gmai.l.com', NULL, NULL, '123456', '6556', '5444444444444', 'ุงูุฑูุงุถ', 's', '474747474758', 'sss', 'sss', 'sss', ' ุนูู ููุฏุงูู ', '11xxxxxxxxx', 'sss', NULL, NULL, '0', '0', '0', 1, '2023-09-06 07:35:09', 0, '2a70ba77ae628e31552ccb34ff12c2e7', NULL),
(32, 'esss', 'esss', 'testsss', 'ssnn@gmai.l.com', NULL, NULL, '123456', '6556', '5444444444444', 'ุฒููู', 's', '474747474758', 'sss', 'sss', 'sss', ' ุนูู ููุชุจู ', '11xxxxxxxxx', 'sss', NULL, NULL, '0', '0', '0', 1, '2023-09-06 07:36:26', 0, '592bb11e2e9b5c518e01d1f27341677f', NULL);

-- --------------------------------------------------------

--
-- Table structure for table `company_review`
--

CREATE TABLE `company_review` (
  `rev_id` int(11) NOT NULL,
  `com_id` int(11) NOT NULL,
  `com_review` longtext NOT NULL,
  `rev_show` int(11) NOT NULL DEFAULT 0,
  `date` datetime NOT NULL DEFAULT current_timestamp()
) ENGINE=InnoDB DEFAULT CHARSET=utf8mb4 COLLATE=utf8mb4_general_ci;

--
-- Dumping data for table `company_review`
--

INSERT INTO `company_review` (`rev_id`, `com_id`, `com_review`, `rev_show`, `date`) VALUES
(1, 14, 'sdsddf', 1, '2022-12-22 00:00:00'),
(2, 18, ' ุชููู ุฌูุฏ ุฌุฏุง ', 0, '2023-04-10 17:17:36'),
(3, 30, 'ุงุนุฌุจูู ููู ุงูุนูุฏุฉ ุจุงูุชุฃููุฏ ', 1, '2023-08-26 06:40:11');

-- --------------------------------------------------------

--
-- Table structure for table `contact`
--

CREATE TABLE `contact` (
  `con_id` int(11) NOT NULL,
  `first_name` varchar(255) NOT NULL,
  `last_name` varchar(255) NOT NULL,
  `email` varchar(255) NOT NULL,
  `mobile` varchar(200) NOT NULL,
  `message` varchar(255) NOT NULL,
  `date` varchar(255) NOT NULL,
  `admin_noti` int(11) NOT NULL DEFAULT 0
) ENGINE=InnoDB DEFAULT CHARSET=utf8mb4 COLLATE=utf8mb4_general_ci;

--
-- Dumping data for table `contact`
--

INSERT INTO `contact` (`con_id`, `first_name`, `last_name`, `email`, `mobile`, `message`, `date`, `admin_noti`) VALUES
(1, 'mohamed', 'ramadan', 'mr319242@gmail.com', '', 'ุงูุณูุงู ุนูููู ูุฑุญูุฉ ุงููู', '', 1),
(2, 'mohamed', 'ramadan', 'mr319242@gmail.com', '', 'ุงูุณูุงู ุนูููู ูุฑุญูุฉ ุงููู', '', 1),
(3, 'mohamed', 'ramadan', 'mr319242@gmail.com', '', '4ุต5ุต', '', 1),
(5, 'hassan', '', '', '', '', '', 1),
(6, 'ุงููููู', 'ุณุนุฏ', 'alhanouf.alqhtani@hotmail.com', '', 'ุณูุงู ุนูููู\r\n ุชู ุงูุฏูุน ููููุตุฉ ููู ูุชู ุงูุชูุนูู ููุง ุงูุชูุงุตู ', '', 1),
(8, 'ุฎุงูุฏ ', 'ุนุจุฏุงููู', 'khalid.abdallaj@hotmail.com', '0532982054', 'ุงูุณูุงู ุนูููู ูููู ุงุญุฏ ูุชูุงุตู ูุนุงู ุญุงุจ ุงุณุชูุณุฑ', '', 1),
(9, 'Raleigh Godley', 'Raleigh Godley', 'raleigh.godley@gmail.com', '260-403-5290', 'ํผํพทํผํพง Attention music lovers! ํผํพงํผํพท\r\n\r\nWow, All the best Sax Summer music  !!!\r\n\r\nํผํพต Spotify: https://open.spotify.com/artist/6ShcdIT7rPVVaFEpgZQbUk\r\nํผํพต Apple Music: https://music.apple.com/fr/artist/jimmy-sax-black/1530501936\r\nํผํพต YouTube: https://music.you', '', 0),
(10, '', '', '', '', '', '', 0),
(11, '', '', '', '', '', '', 0),
(12, '', '', '', '', '', '', 0),
(13, '', '', '', '', '', '', 0),
(14, '', '', '', '', '', '', 0),
(15, '', '', '', '', '', '', 0),
(16, '', '', '', '', '', '', 0),
(17, '', '', '', '', '', '', 0),
(18, '', '', '', '', '', '', 0),
(19, '', '', '', '', '', '', 0),
(20, '', '', '', '', '', '', 0),
(21, '', '', '', '', '', '', 0),
(22, '', '', '', '', '', '', 0);

-- --------------------------------------------------------

--
-- Table structure for table `contract_cancel`
--

CREATE TABLE `contract_cancel` (
  `con_cancel_id` int(11) NOT NULL,
  `company_id` int(11) NOT NULL,
  `ind_id` int(11) NOT NULL,
  `cancel_reason` text NOT NULL,
  `date` datetime NOT NULL DEFAULT current_timestamp(),
  `sender` int(11) NOT NULL DEFAULT 0,
  `recieve` int(11) NOT NULL DEFAULT 0,
  `update_at` varchar(300) NOT NULL DEFAULT '0',
  `cancel_com_admin` int(11) NOT NULL DEFAULT 0
) ENGINE=InnoDB DEFAULT CHARSET=utf8mb4 COLLATE=utf8mb4_general_ci;

-- --------------------------------------------------------

--
-- Table structure for table `contract_complete`
--

CREATE TABLE `contract_complete` (
  `con_com_id` int(11) NOT NULL,
  `company_id` int(11) NOT NULL,
  `ind_id` int(11) NOT NULL,
  `con_com_price` varchar(255) NOT NULL,
  `con_com_date` datetime NOT NULL DEFAULT current_timestamp(),
  `sender` int(11) DEFAULT NULL,
  `recieve` int(11) DEFAULT NULL,
  `update_at` varchar(200) NOT NULL DEFAULT '0',
  `con_com_admin` int(11) NOT NULL DEFAULT 0,
  `ind_noti` int(11) NOT NULL DEFAULT 0,
  `com_noti` int(11) NOT NULL DEFAULT 0
) ENGINE=InnoDB DEFAULT CHARSET=utf8mb4 COLLATE=utf8mb4_general_ci;

--
-- Dumping data for table `contract_complete`
--

INSERT INTO `contract_complete` (`con_com_id`, `company_id`, `ind_id`, `con_com_price`, `con_com_date`, `sender`, `recieve`, `update_at`, `con_com_admin`, `ind_noti`, `com_noti`) VALUES
(24, 2, 131, '100', '2023-06-11 07:06:27', NULL, NULL, '23-06-11', 1, 0, 0),
(25, 3, 136, '100', '2023-06-26 15:28:04', NULL, NULL, '23-06-26', 1, 0, 0),
(26, 29, 165, '950', '2023-08-11 18:01:06', NULL, NULL, '23-08-11', 1, 0, 0),
(27, 30, 171, '950', '2023-08-13 07:08:05', NULL, NULL, '23-08-13', 1, 0, 0);

-- --------------------------------------------------------

--
-- Table structure for table `coshes`
--

CREATE TABLE `coshes` (
  `co_id` int(11) NOT NULL,
  `co_name` varchar(255) NOT NULL,
  `co_password` varchar(255) NOT NULL,
  `co_phone` varchar(255) NOT NULL,
  `co_email` varchar(255) NOT NULL,
  `co_services` varchar(255) NOT NULL,
  `co_exper` varchar(255) NOT NULL
) ENGINE=InnoDB DEFAULT CHARSET=utf8mb4 COLLATE=utf8mb4_general_ci;

--
-- Dumping data for table `coshes`
--

INSERT INTO `coshes` (`co_id`, `co_name`, `co_password`, `co_phone`, `co_email`, `co_services`, `co_exper`) VALUES
(1, 'ุงููุฏุฑุจ ุงูุงูู  ุจุนุฏ ุงูุชุนุฏูู', 'new', '01011642731', 'mr319242@gmail.com', 'ููุฏู ุฎุฏูุงุช ', '4'),
(2, 'orshe', 'orshe', '01011642731', 'mr319242@gmail.com', 'ููุฏู ุฎุฏูุงุช ', '8'),
(3, 'new', 'new', '100000100', 'ุจุณูุงูุจ', 'ds', '10'),
(4, 'mai', 'mai', '1111', 'mai@gmail.com', 'ุชุฏุฑูุจ ', '10'),
(5, 'ุฃุญูุฏ ุญุณูู ', '5501562', '', 'newnew_2023@outlook.com', '', '5'),
(6, 'ุฃุญูุฏ ุญุณูู ', '5501562', '', 'newnew_2023@outlook.com', '', '5'),
(7, 'hassan', 'hassan', '01011642731', 'mr319242@gmail.com', 'ููุฏู ุฎุฏูุงุช ', '4'),
(8, 'Abdallah', 'hanouf5501562', '+966532982054', 'abdalla@gmail.com', 'ูุจูุนุงุช ', '5'),
(9, 'Coach_Ahmad', '5501562', '0500054342', 'remot_2023@outlook.com', 'ูุฏุฑุจ ูุจูุนุงุช', '10'),
(10, 'mahmoud ahmed', '123456789', '0105677745', 'mmm@gmail.com', '2', '200'),
(11, 'mahmoud ahmed', '123456789', '0105677745', 'mmm@gmail.com', '2', '200'),
(12, 'mahmoud ahmed', '123456789', '0105677745', 'mmm@gmail.com', '2', '200'),
(13, 'mahmoud ahmed', '123456789', '0105677745', 'mmm@gmail.com', '2', '200'),
(14, 'ุงุญูุฏ', '123456', '012323123', 'ูasfkdg@gmail.com', '2', '300');

-- --------------------------------------------------------

--
-- Table structure for table `exam`
--

CREATE TABLE `exam` (
  `ex_id` int(11) NOT NULL,
  `ex_title` varchar(255) NOT NULL,
  `ex_total_question` varchar(100) NOT NULL,
  `ex_time` varchar(100) NOT NULL,
  `ex_date_publish` varchar(255) NOT NULL,
  `ex_desc` text DEFAULT NULL,
  `ex_type` varchar(200) NOT NULL,
  `ex_batch_num` varchar(200) NOT NULL,
  `coash_id` int(11) DEFAULT NULL
) ENGINE=InnoDB DEFAULT CHARSET=utf8mb4 COLLATE=utf8mb4_general_ci;

--
-- Dumping data for table `exam`
--

INSERT INTO `exam` (`ex_id`, `ex_title`, `ex_total_question`, `ex_time`, `ex_date_publish`, `ex_desc`, `ex_type`, `ex_batch_num`, `coash_id`) VALUES
(13, 'ุงูุงุฎุชุจุงุฑ ุงูุชุฌุฑูุจู ', '5', '10', '2023-06-08', 'ููุชุฌุฑุจู ', 'ูุตูุฑ', '5', NULL),
(16, 'ุงูุงุฎุชุจุงุฑ ุงูููุงุฆู ', '6', '1', '2023-06-11', 'ุงุฎุชุจุงุฑ ููุงุฆู ููุทูุงุจ ุงููุฑุญูุฉ ุงูุงููู ', 'ููุงุฆู', '5', NULL),
(23, 'ุงูุงุฎุชุจุงุฑ ุงูุซุงูู ', '2', '10', '2023-06-19', NULL, 'ููุงุฆู', '5', NULL),
(27, 'ุงูุงุฎุชุจุงุฑ ุงูุงูู ', '2', '3', '2023-06-19', NULL, 'ูุตูุฑ', '5', NULL),
(30, 'ุงูุงุฎุชุจุงุฑ ุงูุงูู ', '2', '10', '2023-06-21', NULL, 'ูุตูุฑ', '-- ุงุฎุชุฑ ุฑูู ุงูุฏูุนู --', 7),
(34, 'ุฃุฎุชุจุงุฑ  ููููุฉ ุชุญุฏูุฏ ุนูููู ู ููู ูุดุงููู. ', '3', '15', '2023-08-11', NULL, 'ูุตูุฑ', '6', 8),
(35, 'ูุจุงุฏุฆ ูุจูุนุงุช', '2', '5', '2023-08-13', NULL, 'ูุตูุฑ', '7', 8),
(36, 'ูุจุงุฏุฆ ูุจูุนุงุช', '1', '1', '2023-08-15', NULL, 'ูุตูุฑ', '-- ุงุฎุชุฑ ุฑูู ุงูุฏูุนู --', 8),
(37, 'ุงุฎุชุจุงุฑ ูุตูุฑ', '10', '5', '2023-08-20', NULL, 'ูุตูุฑ', '-- ุงุฎุชุฑ ุฑูู ุงูุฏูุนู --', NULL),
(38, 'r', '4', '4', '2023-08-22', NULL, 'ููุงุฆู', '6', 3);

-- --------------------------------------------------------

--
-- Table structure for table `exam_noti`
--

CREATE TABLE `exam_noti` (
  `id` int(11) NOT NULL,
  `ex_id` int(11) NOT NULL,
  `ind_id` int(11) NOT NULL,
  `status` int(11) NOT NULL
) ENGINE=InnoDB DEFAULT CHARSET=utf8mb4 COLLATE=utf8mb4_general_ci;

-- --------------------------------------------------------

--
-- Table structure for table `ind_congrat`
--

CREATE TABLE `ind_congrat` (
  `id` int(11) NOT NULL,
  `ind_id` int(11) NOT NULL,
  `name` varchar(255) NOT NULL,
  `description` varchar(255) NOT NULL,
  `status` int(11) NOT NULL DEFAULT 0,
  `date` timestamp NOT NULL DEFAULT current_timestamp()
) ENGINE=InnoDB DEFAULT CHARSET=utf8 COLLATE=utf8_general_ci;

--
-- Dumping data for table `ind_congrat`
--

INSERT INTO `ind_congrat` (`id`, `ind_id`, `name`, `description`, `status`, `date`) VALUES
(1, 130, 'ุชุฃููู', ' ูุจุฑูู ุชู ุชุฃูููู ูุนูุง ูู ุงูููุตุฉ , ููููู ูุดุงูุฏุฉ ุงููุชุงุฆุฌ ูู ุตูุญุชู ูุน ุงูุดูุงุฏุฉ ุงููุณุชุญูุฉ ุงููุฑููู ูุฏูู  ', 0, '2023-06-19 16:19:41'),
(2, 127, 'ุชุฃููู', ' ูุจุฑูู ุชู ุชุฃูููู ูุนูุง ูู ุงูููุตุฉ , ููููู ูุดุงูุฏุฉ ุงููุชุงุฆุฌ ูู ุตูุญุชู ูุน ุงูุดูุงุฏุฉ ุงููุณุชุญูุฉ ุงููุฑููู ูุฏูู  ', 1, '2023-06-19 16:20:34'),
(3, 136, 'ุชุฃููู', ' ูุจุฑูู ุชู ุชุฃูููู ูุนูุง ูู ุงูููุตุฉ , ููููู ูุดุงูุฏุฉ ุงููุชุงุฆุฌ ูู ุตูุญุชู ูุน ุงูุดูุงุฏุฉ ุงููุณุชุญูุฉ ุงููุฑููู ูุฏูู  ', 1, '2023-07-03 07:59:24'),
(4, 165, 'ุชุฃููู', ' ูุจุฑูู ุชู ุชุฃูููู ูุนูุง ูู ุงูููุตุฉ , ููููู ูุดุงูุฏุฉ ุงููุชุงุฆุฌ ูู ุตูุญุชู ูุน ุงูุดูุงุฏุฉ ุงููุณุชุญูุฉ ุงููุฑููู ูุฏูู  ', 1, '2023-08-11 16:36:47'),
(5, 171, 'ุชุฃููู', ' ูุจุฑูู ุชู ุชุฃูููู ูุนูุง ูู ุงูููุตุฉ , ููููู ูุดุงูุฏุฉ ุงููุชุงุฆุฌ ูู ุตูุญุชู ูุน ุงูุดูุงุฏุฉ ุงููุณุชุญูุฉ ุงููุฑููู ูุฏูู  ', 1, '2023-08-13 10:50:16');

-- --------------------------------------------------------

--
-- Table structure for table `ind_register`
--

CREATE TABLE `ind_register` (
  `ind_id` int(11) NOT NULL,
  `ind_username` varchar(255) CHARACTER SET utf8mb4 COLLATE utf8mb4_general_ci NOT NULL,
  `ind_password` varchar(255) CHARACTER SET utf8mb4 COLLATE utf8mb4_general_ci NOT NULL,
  `ind_name` varchar(255) CHARACTER SET utf8mb4 COLLATE utf8mb4_general_ci NOT NULL,
  `ind_birthdate` varchar(255) CHARACTER SET utf8mb4 COLLATE utf8mb4_general_ci DEFAULT NULL,
  `ind_email` varchar(255) CHARACTER SET utf8mb4 COLLATE utf8mb4_general_ci NOT NULL,
  `ind_phone` varchar(100) CHARACTER SET utf8mb4 COLLATE utf8mb4_general_ci NOT NULL,
  `ind_image` varchar(255) CHARACTER SET utf8mb4 COLLATE utf8mb4_general_ci DEFAULT NULL,
  `ind_nationality` varchar(255) CHARACTER SET utf8mb4 COLLATE utf8mb4_general_ci DEFAULT NULL,
  `ind_address` varchar(255) CHARACTER SET utf8mb4 COLLATE utf8mb4_general_ci DEFAULT NULL,
  `ind_gender` varchar(200) CHARACTER SET utf8mb4 COLLATE utf8mb4_general_ci DEFAULT NULL,
  `ind_transfer` varchar(255) CHARACTER SET utf8mb4 COLLATE utf8mb4_general_ci DEFAULT NULL,
  `ind_english` varchar(255) CHARACTER SET utf8mb4 COLLATE utf8mb4_general_ci DEFAULT NULL,
  `ind_sub_exam` varchar(100) CHARACTER SET utf8mb4 COLLATE utf8mb4_general_ci DEFAULT NULL,
  `ind_final_exam` varchar(100) CHARACTER SET utf8mb4 COLLATE utf8mb4_general_ci DEFAULT NULL,
  `ind_exer_exam` varchar(100) CHARACTER SET utf8mb4 COLLATE utf8mb4_general_ci DEFAULT NULL,
  `ind_attend` varchar(100) CHARACTER SET utf8mb4 COLLATE utf8mb4_general_ci DEFAULT NULL,
  `ind_degree_percen` varchar(100) CHARACTER SET utf8mb4 COLLATE utf8mb4_general_ci DEFAULT NULL,
  `ind_status` varchar(255) CHARACTER SET utf8mb4 COLLATE utf8mb4_general_ci DEFAULT NULL,
  `ind_status_show` int(11) NOT NULL DEFAULT 0,
  `ind_status2` int(11) NOT NULL DEFAULT 0,
  `ind_emp` int(11) NOT NULL DEFAULT 0
) ENGINE=MyISAM DEFAULT CHARSET=latin1 COLLATE=latin1_swedish_ci;

-- --------------------------------------------------------

--
-- Table structure for table `ind_review`
--

CREATE TABLE `ind_review` (
  `rev_id` int(11) NOT NULL,
  `ind_id` int(11) NOT NULL,
  `ind_review` longtext NOT NULL,
  `rev_show` int(11) NOT NULL DEFAULT 0
) ENGINE=InnoDB DEFAULT CHARSET=utf8mb4 COLLATE=utf8mb4_general_ci;

-- --------------------------------------------------------

--
-- Table structure for table `interview_notificaion`
--

CREATE TABLE `interview_notificaion` (
  `noti_id` int(11) NOT NULL,
  `noti_title` varchar(255) NOT NULL,
  `noti_person_link` varchar(255) NOT NULL,
  `noti_com_link` varchar(255) NOT NULL,
  `interview_date` varchar(255) NOT NULL,
  `interview_time` varchar(255) NOT NULL,
  `sender` int(11) NOT NULL DEFAULT 0,
  `recieve` int(11) NOT NULL DEFAULT 0,
  `created_at` timestamp NOT NULL DEFAULT current_timestamp(),
  `update_at` varchar(255) NOT NULL DEFAULT '0',
  `inter_admin_noti` int(11) NOT NULL DEFAULT 0
) ENGINE=InnoDB DEFAULT CHARSET=utf8mb4 COLLATE=utf8mb4_general_ci;

--
-- Dumping data for table `interview_notificaion`
--

INSERT INTO `interview_notificaion` (`noti_id`, `noti_title`, `noti_person_link`, `noti_com_link`, `interview_date`, `interview_time`, `sender`, `recieve`, `created_at`, `update_at`, `inter_admin_noti`) VALUES
(18, '  ุทูุจ ููุงุจูุฉ ุดุฎุตูุฉ ', '128', '3', '2023-07-11', '23:21', 0, 0, '2023-07-11 17:21:27', '23-08-14', 0),
(19, '  ุทูุจ ููุงุจูุฉ ุดุฎุตูุฉ ', '130', '3', '2023-06-22', '12:24', 0, 0, '2023-07-11 17:21:54', '0', 0),
(20, '  ุทูุจ ููุงุจูุฉ ุดุฎุตูุฉ ', '127', '3', '2023-08-23', '13:35', 0, 0, '2023-08-10 18:31:25', '0', 0),
(21, '  ุทูุจ ููุงุจูุฉ ุดุฎุตูุฉ ', '165', '29', '2023-08-11', '11:35', 0, 0, '2023-08-11 19:35:48', '23-08-12', 0),
(22, '  ุทูุจ ููุงุจูุฉ ุดุฎุตูุฉ ', '171', '30', '2023-08-13', '14:09', 0, 0, '2023-08-13 11:07:21', '23-08-13', 0);

-- --------------------------------------------------------

--
-- Table structure for table `question`
--

CREATE TABLE `question` (
  `ques_id` int(11) NOT NULL,
  `exam_id` int(11) NOT NULL,
  `ques_ques` varchar(250) NOT NULL
) ENGINE=InnoDB DEFAULT CHARSET=utf8mb4 COLLATE=utf8mb4_general_ci;

--
-- Dumping data for table `question`
--

INSERT INTO `question` (`ques_id`, `exam_id`, `ques_ques`) VALUES
(8, 4, 'ุงูุณูุงู ุงูุซุงูู'),
(9, 5, 'ุงูุณูุงู ุงูุซุงูู'),
(10, 5, 'ูุงูู ูุบู php'),
(11, 5, 'ุงูุณูุงู ุงูุซุงูู'),
(12, 8, 'ุงูุณูุงู ุงูุงูู '),
(13, 8, 'ุงูุณูุงู ุงูุซุงูู'),
(14, 8, 'ุงูุณูุงู ุงูุซุงูุซ'),
(15, 10, 'ุงูุณูุงู ุงูุงูู '),
(16, 10, 'ุงูุณูุงู ุงูุซุงูู'),
(17, 10, 'ุงูุณูุงู ุงูุซุงูุซ'),
(18, 13, 'ุงูุณูุงู ุงูุงูู '),
(19, 13, 'ุงูุณูุงู ุงูุซุงูู '),
(20, 12, 'ุงูุณูุงู ุงูุงูู '),
(21, 12, 'ุงูุณูุงู ุงูุซุงูู'),
(22, 12, 'ุงูุณูุงู ุงูุซุงูุซ'),
(24, 13, 'ูุงูู ุงููุงู ุงูุงุดุงุฑุฉ ุงููุฑูุฉ'),
(25, 13, '5 + 5 '),
(28, 16, 'ูุงุชุฌ 3*3'),
(29, 16, 'ุญุงุตู ูุงุชูุฌ 1+1'),
(30, 25, 'first q'),
(31, 25, 'ุงูุณูุงู ุงูุซุงูู '),
(32, 28, 'ุงูุณูุงู ุงูุซุงูู '),
(33, 29, 'ุงูุณูุงู ุงูุซุงูู '),
(34, 30, 'ูุงูู ูุบู  php '),
(36, 31, 'ูู ุนุฏุฏ ุงูุณุนุฑุงุช ุงูุญุฑุงุฑูุฉ ุงูุทุจูุนูุฉ ุงูุชู ูุฃูููุง ุงูุงูุณุงู ูู ุงูููู '),
(37, 31, 'ูู ุนุฏุฏ ุงูุงู ุงูุณูู ุ'),
(38, 31, 'ูู ุนุฏุฏ ุงูุงู ุงูุงุณุจูุน '),
(41, 0, 'ูู ุงูู ุตูุนุช ุงูู ูููู ูู ุงูุนุงูู'),
(42, 0, 'ูุงูู ุงููุงู ุงูุงุดุงุฑุฉ ุงูุซูุงุซุฉ'),
(43, 0, 'ูู ุณู ูู ุงููุชุฑ '),
(44, 34, 'ุนูุฏูุง ูููู ุงูุนููู ุฒุงุฆุฑุงู ููู ุณุชุญุฏุฏ  ุงุฐุง ูุงู ุนููู ูุญุชูู ุงู ุบูุฑ ูุญุชูู '),
(45, 34, 'ุนูุฏูุง ูุทุฑุญ ุงูุนููู ุงุณุฆูุฉ ููู ุณุชุชุนุงูู ูุนู'),
(46, 34, 'ุนูุฏูุง ูุฎุจุฑู ุงูุนููู ุจุงูู ูุญุชุงุฑุงู ููุดุฑุงุก '),
(47, 35, 'ููู ุชุณุงุนุฏ ุงูุนููู ูู ุงุญุชูุงุฌุฉ'),
(48, 35, 'ููู ุชุชุนุงูู ูุน ุนููู ูุชุฑุฏุฏ'),
(49, 36, 'ูุชู ููุฏ ุงููุจู'),
(50, 38, 'ูู ุนุฏุฏ ุญุจุงุช ุงูุฑููุ');

-- --------------------------------------------------------

--
-- Table structure for table `question_option`
--

CREATE TABLE `question_option` (
  `option_id` int(11) NOT NULL,
  `option_text` varchar(255) NOT NULL,
  `question_id` int(11) NOT NULL,
  `is_right` int(11) NOT NULL DEFAULT 0
) ENGINE=InnoDB DEFAULT CHARSET=utf8mb4 COLLATE=utf8mb4_general_ci;

--
-- Dumping data for table `question_option`
--

INSERT INTO `question_option` (`option_id`, `option_text`, `question_id`, `is_right`) VALUES
(45, 'a', 12, 1),
(46, 'b', 12, 0),
(47, 'c', 12, 0),
(48, 'd', 12, 0),
(49, 'ุด', 13, 0),
(50, 'ูุง', 13, 0),
(51, 'ุค', 13, 1),
(52, 'ู', 13, 0),
(53, 'ahmed', 14, 0),
(54, 'mohamed', 14, 0),
(55, 'ali', 14, 0),
(56, 'hassan', 14, 1),
(57, 'a', 15, 0),
(58, 'b', 15, 0),
(59, 'c', 15, 0),
(60, 'd', 15, 1),
(61, 'a', 16, 0),
(62, 'b', 16, 0),
(63, 'c', 16, 1),
(64, 'd', 16, 0),
(65, 'a', 17, 0),
(66, 'b', 17, 0),
(67, 'c', 17, 0),
(68, 'd', 17, 1),
(69, 'a', 18, 0),
(70, 'b', 18, 0),
(71, 'c', 18, 0),
(72, 'd', 18, 1),
(73, 'a', 19, 0),
(74, 'b', 19, 0),
(75, 'c', 19, 1),
(76, 'd', 19, 0),
(77, 'a', 20, 0),
(78, 'b', 20, 0),
(79, 'c', 20, 1),
(80, 'd', 20, 0),
(81, 'a', 21, 1),
(82, 'b', 21, 0),
(83, 'c', 21, 0),
(84, 'd', 21, 0),
(85, 'a', 22, 0),
(86, 'b', 22, 0),
(87, 'c', 22, 0),
(88, 'd', 22, 1),
(93, 'ุงุตูุฑ ุงุญูุฑ ุงุฒุฑู', 24, 0),
(94, 'ุงุตูุฑ ุงุญูุฑ ุงุฎุถุฑ', 24, 1),
(95, 'ุงุตูุฑ ุงุฎุถุฑ ุงุฒุฑู', 24, 0),
(96, 'ุงุญูุฑ ุงุฎุถุฑ  ุงุจูุถ ', 24, 0),
(97, 'ุงููุงุชูุฌ 10 ', 25, 1),
(98, 'ุงููุงุชุฌ 11', 25, 0),
(99, 'ุงููุงุชุฌ 21', 25, 0),
(100, 'ุงููุงุชุฌ 3', 25, 0),
(105, 'ุฌุฏุฉ', 26, 0),
(106, 'ุงูุฑูุงุถ', 26, 1),
(107, 'ุงูุฏูุงู', 26, 0),
(108, 'ุงูุจุงุญุฉ', 26, 0),
(109, '4', 26, 0),
(110, '5', 26, 0),
(111, '6', 26, 1),
(112, '9', 26, 1),
(113, '2', 29, 1),
(114, '5', 29, 0),
(115, '6', 29, 1),
(116, '9', 29, 1),
(117, 'a', 30, 0),
(118, 'b', 30, 0),
(119, 'cd', 30, 0),
(120, 'd', 30, 1),
(121, 'ุงูุงุฎูุงุฑ ุงูุงูู ', 31, 0),
(122, 'ุงูุงุฎูุงุฑ ุงูุซุงูู ', 31, 0),
(123, 'ุงูุงุฎูุงุฑ ุงูุซุงูุซ', 31, 0),
(124, 'ุงูุงุฎูุงุฑ ุงูุฑุงุจุน ', 31, 1),
(125, 's', 32, 0),
(126, 'd', 32, 0),
(127, 's', 32, 0),
(128, 'f', 32, 1),
(129, 'ู', 33, 0),
(130, 'ุจ', 33, 0),
(131, 'ูุจ', 33, 0),
(132, 'ุจู', 33, 1),
(133, 'ูู ูุบุฉ ุจุฑูุฌุฉ ููุจ ูููุงูุน ุงููุชุฑูููุฉ ', 34, 1),
(134, 'ูู ุจุฑูุฌุฉ ุชุทุจููุงุช ุงูููุจุงูู ', 34, 0),
(135, 'ูุบู ุจุฑูุฌุฉ ุฏูุณู ', 34, 0),
(136, 'ูุจุงุจุฎุงุจุงุจุน9ุง', 34, 0),
(141, '2000 ุณุนุฑู ', 36, 0),
(142, '3500 ุณุนุฑู ', 36, 0),
(143, 'ุญุณุจ ูุฒูู ', 36, 1),
(144, 'ุญุณุจ ุทููุฉ ', 36, 0),
(145, '365', 37, 1),
(146, '255', 37, 0),
(147, '328', 37, 0),
(148, '335', 37, 0),
(149, '11', 38, 0),
(150, '12', 38, 0),
(151, '7', 38, 1),
(152, '6', 38, 0),
(161, 'ุงูููู ', 41, 1),
(162, 'ุฃุซููุจูุง', 41, 0),
(163, 'ูููููุจูุง', 41, 0),
(164, 'ุงูุตูู', 41, 0),
(165, 'ุงุญูุฑ ุงุฎุถุฑ   ุงุตูุฑ', 42, 1),
(166, 'ุงุญูุฑ ุงุจูุถ ุจููุณุฌู', 42, 0),
(167, 'ุงุญูุฑ ุงุฒุฑู ุงุตูุฑ', 42, 0),
(168, 'ุงุญูุฑ ุงุตูุฑ ุจุฑุชูุงูู', 42, 0),
(169, '150 ุณู ', 43, 0),
(170, '200 ุณู', 43, 0),
(171, '100ุณู', 43, 1),
(172, '140 ุณู ', 43, 0),
(173, 'ุงุทุฑุญ ุงุณุฆูุฉ ุงูุชุญููููุฉ ููู ูุง ุงุถูุน ููุชู ูุน ุงูุนููู', 44, 1),
(174, 'ุงุญุงูู ุงููุงุนู ูุชุดูููุฉ ููููุชุฌ ', 44, 0),
(175, 'ุงุชุฑูู ููุญุฏู ูุฃุชู ููุณุฃู ', 44, 0),
(176, 'ุงุฑุญุจ ุจู ูุงููู ุนูุงูุฉ ูุนู ', 44, 0),
(177, 'ุงุฌูุจ ุนูู ุงูุงุณุฆูุฉ ููุท', 45, 0),
(178, 'ุงุณุชูุน ููุดููุชู ุงููุง ูุงูุฌุงุฏ ุญู ููุงุณุจ ุฑุบุจุชู', 45, 1),
(179, 'ุงุดุฑุญ ูู ุชูุงุตูู ุงูููุชุฌ ููุง ุงุฌุนูู ูุฐูุจ ุญุชู ููุชูุน ', 45, 0),
(180, 'ุงุฌุนูู ูุฌุฑุจ ุงูููุชุฌ ุงู ุงูุฎุฏูุฉ ููุฑุงู ูููุฑุฑ ุงูุดุฑุงุก ', 45, 0),
(181, 'ุงุทุฑุญ ุงุณุฆูุฉ ุงูุชู ุชุฌุนูู ูุชุฑุฏุฏ ููุญุชุงุฑ ูุฃูุฌุงุฏ ุญูุงู ููุง ููุทูุฆู ุจุนุฏ ุงูุดุฑุงุก', 46, 1),
(182, 'ุงุชุฑูุฉ ููุง ุงุถูุน ููุชุง ูุนู ', 46, 0),
(183, 'ุงุฌุนูู ูุงุฎุฐ ุนููู ูุฌุฑุจูุง ูููุฑุฑ ูุงุญูุง ', 46, 0),
(184, 'ุงุฎุฐ ุฑููุฉ ููุชูุงุตู ุนูุฏูุง ูุคูุฏ ุงููุฑุงุฑ ', 46, 0),
(185, 'ุงุณุฆูุฉ ูุงุฐุง ูุญุชุงุฌ', 47, 0),
(186, 'ุงุณุฆูุฉ ุนู ุงูุจุฏุฌุช ', 47, 0),
(187, 'ุงุชุฑูุฉ ูุฎุชุงุฑ ูููุธุฑ ุจููุณุฉ', 47, 0),
(188, 'ุงุณูุน ูุงูุฑูุฏ', 47, 1),
(189, 'ุงููุนู ููุฑุง ููุง ุงุฌุนูู ูุฒุฏุงุฏ ุชูุชุฑุง', 48, 0),
(190, 'ุงุนุทูุฉ ุฎูุงุฑุงุช ุงูุถู ูุงุณุงุนุฏุฉ ', 48, 1),
(191, 'ุงุชุฑูุฉ ููุฑุฑ ', 48, 0),
(192, 'ุงุชุงุจุน ูุงูุฑูุฏ', 48, 0),
(193, 'ุนุงู ุงูููู', 49, 1),
(194, 'ูุจู ุงููููุงุฏ ', 49, 0),
(195, '1250 ูุฌุฑู', 49, 0),
(196, '1250', 49, 0),
(197, 'ุนุฏุฏ ูุง ููุงุฆู', 50, 1),
(198, '100ูููุงุฑ', 50, 0),
(199, '3ูููุงุฑ', 50, 0),
(200, '500ููููู', 50, 0);

-- --------------------------------------------------------

--
-- Table structure for table `service_team`
--

CREATE TABLE `service_team` (
  `id` int(11) NOT NULL,
  `name` varchar(255) NOT NULL,
  `email` varchar(255) NOT NULL,
  `password` varchar(255) NOT NULL
) ENGINE=InnoDB DEFAULT CHARSET=utf8 COLLATE=utf8_general_ci;

--
-- Dumping data for table `service_team`
--

INSERT INTO `service_team` (`id`, `name`, `email`, `password`) VALUES
(2, 'mohamed', 'mohamedramadan2930@gmail.com', '123456789'),
(6, 'mamhoud service', 'mmabuhassira@gmail.com', '123456789');

-- --------------------------------------------------------

--
-- Table structure for table `subscribe`
--

CREATE TABLE `subscribe` (
  `id` int(11) NOT NULL,
  `ind_subscribe` varchar(100) NOT NULL DEFAULT '1',
  `company_subscribe` varchar(100) NOT NULL DEFAULT '1'
) ENGINE=InnoDB DEFAULT CHARSET=utf8mb4 COLLATE=utf8mb4_general_ci;

--
-- Dumping data for table `subscribe`
--

INSERT INTO `subscribe` (`id`, `ind_subscribe`, `company_subscribe`) VALUES
(2, '1', '1');

-- --------------------------------------------------------

--
-- Table structure for table `withdraw`
--

CREATE TABLE `withdraw` (
  `id` int(11) NOT NULL,
  `com_id` int(11) NOT NULL,
  `with_method` varchar(255) NOT NULL,
  `with_price` varchar(200) NOT NULL,
  `with_email` varchar(255) NOT NULL,
  `date` datetime NOT NULL DEFAULT current_timestamp(),
  `with_status` int(11) NOT NULL DEFAULT 0,
  `with_admin_noti` int(11) NOT NULL DEFAULT 0
) ENGINE=InnoDB DEFAULT CHARSET=utf8mb4 COLLATE=utf8mb4_general_ci;

--
-- Indexes for dumped tables
--

--
-- Indexes for table `batches`
--
ALTER TABLE `batches`
  ADD PRIMARY KEY (`batch_id`);

--
-- Indexes for table `batches_notification`
--
ALTER TABLE `batches_notification`
  ADD PRIMARY KEY (`id`);

--
-- Indexes for table `chat`
--
ALTER TABLE `chat`
  ADD PRIMARY KEY (`chat_id`);

--
-- Indexes for table `coash_notification`
--
ALTER TABLE `coash_notification`
  ADD PRIMARY KEY (`id`),
  ADD KEY `ind_exam` (`ind_id`),
  ADD KEY `coash_exam` (`coash_id`);

--
-- Indexes for table `company_register`
--
ALTER TABLE `company_register`
  ADD PRIMARY KEY (`com_id`);

--
-- Indexes for table `company_review`
--
ALTER TABLE `company_review`
  ADD PRIMARY KEY (`rev_id`);

--
-- Indexes for table `contact`
--
ALTER TABLE `contact`
  ADD PRIMARY KEY (`con_id`);

--
-- Indexes for table `contract_cancel`
--
ALTER TABLE `contract_cancel`
  ADD PRIMARY KEY (`con_cancel_id`);

--
-- Indexes for table `contract_complete`
--
ALTER TABLE `contract_complete`
  ADD PRIMARY KEY (`con_com_id`);

--
-- Indexes for table `coshes`
--
ALTER TABLE `coshes`
  ADD PRIMARY KEY (`co_id`);

--
-- Indexes for table `exam`
--
ALTER TABLE `exam`
  ADD PRIMARY KEY (`ex_id`);

--
-- Indexes for table `exam_noti`
--
ALTER TABLE `exam_noti`
  ADD PRIMARY KEY (`id`);

--
-- Indexes for table `ind_congrat`
--
ALTER TABLE `ind_congrat`
  ADD PRIMARY KEY (`id`),
  ADD KEY `ind_cong` (`ind_id`);

--
-- Indexes for table `ind_review`
--
ALTER TABLE `ind_review`
  ADD PRIMARY KEY (`rev_id`);

--
-- Indexes for table `interview_notificaion`
--
ALTER TABLE `interview_notificaion`
  ADD PRIMARY KEY (`noti_id`);

--
-- Indexes for table `question`
--
ALTER TABLE `question`
  ADD PRIMARY KEY (`ques_id`),
  ADD KEY `ques_exam` (`exam_id`);

--
-- Indexes for table `question_option`
--
ALTER TABLE `question_option`
  ADD PRIMARY KEY (`option_id`),
  ADD KEY `ques_option` (`question_id`);

--
-- Indexes for table `service_team`
--
ALTER TABLE `service_team`
  ADD PRIMARY KEY (`id`);

--
-- Indexes for table `subscribe`
--
ALTER TABLE `subscribe`
  ADD PRIMARY KEY (`id`);

--
-- Indexes for table `withdraw`
--
ALTER TABLE `withdraw`
  ADD PRIMARY KEY (`id`);

--
-- AUTO_INCREMENT for dumped tables
--

--
-- AUTO_INCREMENT for table `batches`
--
ALTER TABLE `batches`
  MODIFY `batch_id` int(11) NOT NULL AUTO_INCREMENT, AUTO_INCREMENT=9;

--
-- AUTO_INCREMENT for table `batches_notification`
--
ALTER TABLE `batches_notification`
  MODIFY `id` int(11) NOT NULL AUTO_INCREMENT, AUTO_INCREMENT=39;

--
-- AUTO_INCREMENT for table `chat`
--
ALTER TABLE `chat`
  MODIFY `chat_id` int(11) NOT NULL AUTO_INCREMENT, AUTO_INCREMENT=366;

--
-- AUTO_INCREMENT for table `coash_notification`
--
ALTER TABLE `coash_notification`
  MODIFY `id` int(11) NOT NULL AUTO_INCREMENT, AUTO_INCREMENT=9;

--
-- AUTO_INCREMENT for table `company_register`
--
ALTER TABLE `company_register`
  MODIFY `com_id` int(11) NOT NULL AUTO_INCREMENT, AUTO_INCREMENT=33;

--
-- AUTO_INCREMENT for table `company_review`
--
ALTER TABLE `company_review`
  MODIFY `rev_id` int(11) NOT NULL AUTO_INCREMENT, AUTO_INCREMENT=4;

--
-- AUTO_INCREMENT for table `contact`
--
ALTER TABLE `contact`
  MODIFY `con_id` int(11) NOT NULL AUTO_INCREMENT, AUTO_INCREMENT=23;

--
-- AUTO_INCREMENT for table `contract_cancel`
--
ALTER TABLE `contract_cancel`
  MODIFY `con_cancel_id` int(11) NOT NULL AUTO_INCREMENT, AUTO_INCREMENT=14;

--
-- AUTO_INCREMENT for table `contract_complete`
--
ALTER TABLE `contract_complete`
  MODIFY `con_com_id` int(11) NOT NULL AUTO_INCREMENT, AUTO_INCREMENT=28;

--
-- AUTO_INCREMENT for table `coshes`
--
ALTER TABLE `coshes`
  MODIFY `co_id` int(11) NOT NULL AUTO_INCREMENT, AUTO_INCREMENT=15;

--
-- AUTO_INCREMENT for table `exam`
--
ALTER TABLE `exam`
  MODIFY `ex_id` int(11) NOT NULL AUTO_INCREMENT, AUTO_INCREMENT=40;

--
-- AUTO_INCREMENT for table `exam_noti`
--
ALTER TABLE `exam_noti`
  MODIFY `id` int(11) NOT NULL AUTO_INCREMENT;

--
-- AUTO_INCREMENT for table `ind_congrat`
--
ALTER TABLE `ind_congrat`
  MODIFY `id` int(11) NOT NULL AUTO_INCREMENT, AUTO_INCREMENT=6;

--
-- AUTO_INCREMENT for table `ind_review`
--
ALTER TABLE `ind_review`
  MODIFY `rev_id` int(11) NOT NULL AUTO_INCREMENT, AUTO_INCREMENT=2;

--
-- AUTO_INCREMENT for table `interview_notificaion`
--
ALTER TABLE `interview_notificaion`
  MODIFY `noti_id` int(11) NOT NULL AUTO_INCREMENT, AUTO_INCREMENT=23;

--
-- AUTO_INCREMENT for table `question`
--
ALTER TABLE `question`
  MODIFY `ques_id` int(11) NOT NULL AUTO_INCREMENT, AUTO_INCREMENT=51;

--
-- AUTO_INCREMENT for table `question_option`
--
ALTER TABLE `question_option`
  MODIFY `option_id` int(11) NOT NULL AUTO_INCREMENT, AUTO_INCREMENT=201;

--
-- AUTO_INCREMENT for table `service_team`
--
ALTER TABLE `service_team`
  MODIFY `id` int(11) NOT NULL AUTO_INCREMENT, AUTO_INCREMENT=7;

--
-- AUTO_INCREMENT for table `subscribe`
--
ALTER TABLE `subscribe`
  MODIFY `id` int(11) NOT NULL AUTO_INCREMENT, AUTO_INCREMENT=3;

--
-- AUTO_INCREMENT for table `withdraw`
--
ALTER TABLE `withdraw`
  MODIFY `id` int(11) NOT NULL AUTO_INCREMENT, AUTO_INCREMENT=9;

--
-- Constraints for dumped tables
--

--
-- Constraints for table `coash_notification`
--
ALTER TABLE `coash_notification`
  ADD CONSTRAINT `coash_exam` FOREIGN KEY (`coash_id`) REFERENCES `coshes` (`co_id`) ON DELETE CASCADE ON UPDATE CASCADE,
  ADD CONSTRAINT `ind_exam` FOREIGN KEY (`ind_id`) REFERENCES `ind_register` (`ind_id`) ON DELETE CASCADE ON UPDATE CASCADE;

--
-- Constraints for table `ind_congrat`
--
ALTER TABLE `ind_congrat`
  ADD CONSTRAINT `ind_cong` FOREIGN KEY (`ind_id`) REFERENCES `ind_register` (`ind_id`) ON DELETE CASCADE ON UPDATE CASCADE;
COMMIT;

/*!40101 SET CHARACTER_SET_CLIENT=@OLD_CHARACTER_SET_CLIENT */;
/*!40101 SET CHARACTER_SET_RESULTS=@OLD_CHARACTER_SET_RESULTS */;
/*!40101 SET COLLATION_CONNECTION=@OLD_COLLATION_CONNECTION */;
